start_s,stop_s,peak_score,n_windows
318.5,325.998046875,4.299844638517014,12
327.0,331.998046875,4.127890329261068,7
338.5,344.498046875,4.096523663880293,9
